"category","subcategory","ID","Description","GeneRatio","BgRatio","RichFactor","FoldEnrichment","zScore","pvalue","p.adjust","qvalue","geneID","Count"
"Environmental Information Processing","Signaling molecules and interaction","hsa04512","ECM-receptor interaction","11/215","89/9561",0.123595505617978,5.49626339169062,6.46340233373159,4.51741765474182e-06,0.001242289855054,0.00114124235488214,"VTN/ITGA1/COL4A3/COL6A1/ITGB4/GP6/FRAS1/SV2A/LAMA2/FN1/TNXB",11
"Organismal Systems","Immune system","hsa04610","Complement and coagulation cascades","10/215","88/9561",0.113636363636364,5.05338266384778,5.79362605898487,2.62017126544057e-05,0.00360273548998079,0.00330969001950388,"VTN/C3/C1S/A2M/BDKRB2/CFB/SERPINE1/CFI/C4B/BDKRB1",10
NA,NA,"hsa04518","Integrin signaling","12/215","154/9561",0.0779220779220779,3.46517668378133,4.67754665093968,0.000178116913264587,0.0163273837159205,0.0149993190117547,"VTN/C3/ITGA1/COL4A3/COL6A1/EGF/ITGB4/VCAM1/FRAS1/LAMA2/FN1/TNXB",12
"Environmental Information Processing","Signaling molecules and interaction","hsa04060","Cytokine-cytokine receptor interaction","17/215","298/9561",0.0570469798657718,2.53686592789137,4.08793112674728,0.000392155530293311,0.0229504767858119,0.0210836915927076,"IL20RB/CD70/IL11RA/CCL5/IL34/GDF15/IL6/IL1R1/TNFRSF9/INHBB/IL1RN/TNFRSF10D/CCR3/CCL28/BMP5/IL32/TNFRSF8",17
"Human Diseases","Infectious disease: bacterial","hsa05150","Staphylococcus aureus infection","9/215","102/9561",0.0882352941176471,3.92380300957592,4.50257410885997,0.00046590938470477,0.0229504767858119,0.0210836915927076,"C3/C1S/CFB/HLA-DMA/CFI/C4B/KRT14/KRT17/KRT16",9
"Human Diseases","Infectious disease: parasitic","hsa05146","Amoebiasis","9/215","103/9561",0.087378640776699,3.88570783472567,4.46587542003069,0.000500737675326805,0.0229504767858119,0.0210836915927076,"COL4A3/IL6/RAB7B/IL1R1/ARG2/CD14/LAMA2/FN1/PLCB1",9
"Cellular Processes","Cellular community - eukaryotes","hsa04510","Focal adhesion","12/215","203/9561",0.0591133004926108,2.62875472562722,3.55752102174872,0.00208768986146294,0.0820163874146156,0.0753451980076852,"VTN/BIRC3/ITGA1/MYLK/COL4A3/COL6A1/EGF/ITGB4/LAMA2/FN1/SHC3/TNXB",12
"Organismal Systems","Nervous system","hsa04726","Serotonergic synapse","8/215","115/9561",0.0695652173913043,3.09354903943377,3.4256530505386,0.00433170308983191,0.14880842580539,0.136704391170502,"GNAO1/HTR1D/TRPC1/GNG7/PTGS1/ALOX12B/PLCB1/PLA2G4C",8
"Human Diseases","Cancer: specific types","hsa05222","Small cell lung cancer","7/215","93/9561",0.0752688172043011,3.34718679669917,3.44981090700933,0.00487009393544914,0.14880842580539,0.136704391170502,"BIRC3/COL4A3/CDKN1A/LAMA2/FN1/TRAF1/BIRC7",7
"Organismal Systems","Sensory system","hsa04750","Inflammatory mediator regulation of TRP channels","7/215","99/9561",0.0707070707070707,3.14432699083862,3.25276303050933,0.00683803482740481,0.160973630187083,0.147880081320191,"BDKRB2/HRH1/IL1R1/PLCB1/PLA2G4C/TRPV2/BDKRB1",7
"Environmental Information Processing","Signaling molecules and interaction","hsa04061","Viral protein interaction with cytokine and cytokine receptor","7/215","100/9561",0.07,3.11288372093023,3.22138300787413,0.00721620185201133,0.160973630187083,0.147880081320191,"IL20RB/CCL5/IL34/IL6/TNFRSF10D/CCR3/CCL28",7
"Organismal Systems","Immune system","hsa04640","Hematopoietic cell lineage","7/215","100/9561",0.07,3.11288372093023,3.22138300787413,0.00721620185201133,0.160973630187083,0.147880081320191,"CD24/ITGA1/IL11RA/IL6/IL1R1/HLA-DMA/CD14",7
"Human Diseases","Endocrine and metabolic disease","hsa04933","AGE-RAGE signaling pathway in diabetic complications","7/215","101/9561",0.0693069306930693,3.08206309002993,3.19039379279683,0.00760966251793484,0.160973630187083,0.147880081320191,"COL4A3/IL6/VCAM1/SERPINE1/FN1/PLCB1/PLCD4",7
"Human Diseases","Infectious disease: parasitic","hsa05142","Chagas disease","7/215","103/9561",0.0679611650485437,3.02221720478663,3.1295510931994,0.00844390014185519,0.165862324215013,0.152371130379342,"GNAO1/C3/BDKRB2/CCL5/IL6/SERPINE1/PLCB1",7
"Human Diseases","Drug resistance: antineoplastic","hsa01521","EGFR tyrosine kinase inhibitor resistance","6/215","80/9561",0.075,3.33523255813953,3.18114411962247,0.00910126888447753,0.166856596215421,0.153284528580674,"TGFA/IL6/EGF/NRG2/GAS6/SHC3",6
NA,NA,"hsa04382","Cornified envelope formation","11/215","217/9561",0.0506912442396313,2.25422784267495,2.83449161936026,0.00986061596198608,0.169479336846636,0.155693936241885,"KRT5/COL17A1/COL4A3/S100A1/ITGB4/CLDN1/S100A9/KRT14/ALOX12B/KRT17/KRT16",11
"Metabolism","Carbohydrate metabolism","hsa00500","Starch and sucrose metabolism","4/215","40/9561",0.1,4.44697674418605,3.31331215854956,0.012065691790149,0.195180308370057,0.179304398119861,"HK1/AMY2B/HKDC1/PYGM",4
"Organismal Systems","Endocrine system","hsa04915","Estrogen signaling pathway","8/215","139/9561",0.0575539568345324,2.55941107579053,2.80887072924193,0.0130806381173312,0.199843082348116,0.18358790340114,"GNAO1/TGFA/KRT14/PLCB1/KRT17/SHC3/ESR1/KRT16",8
"Environmental Information Processing","Signal transduction","hsa04151","PI3K-Akt signaling pathway","15/215","362/9561",0.0414364640883978,1.84266992162405,2.47900130859859,0.0165531970635982,0.239585746973132,0.220097911094935,"VTN/ITGA1/COL4A3/TGFA/COL6A1/IL6/EGF/ITGB4/CDKN1A/GNG7/NRTN/LAMA2/FN1/TNXB/FGF22",15
"Environmental Information Processing","Signaling molecules and interaction","hsa04514","Cell adhesion molecule (CAM) interaction","8/215","160/9561",0.05,2.22348837209302,2.3670536363574,0.0279038421803878,0.302971956258716,0.278328304314228,"VCAM1/CLDN1/HLA-DMA/PECAM1/CDH5/NRXN2/CDH15/NCAM2",8
"Organismal Systems","Endocrine system","hsa03320","PPAR signaling pathway","5/215","76/9561",0.0657894736842105,2.92564259485924,2.55622513075594,0.0279554846302342,0.302971956258716,0.278328304314228,"ACSL1/FABP3/SORBS1/ACOX2/FABP6",5
"Environmental Information Processing","Signal transduction","hsa04020","Calcium signaling pathway","11/215","254/9561",0.0433070866141732,1.92585607031679,2.26824920557992,0.0283390385730475,0.302971956258716,0.278328304314228,"CACNA1H/BDKRB2/MYLK/TGFA/EGF/HRH1/PLCB1/MRLN/PLCD4/BDKRB1/FGF22",11
"Genetic Information Processing","Information processing in viruses","hsa03265","Virion - Ebolavirus, Lyssavirus and Morbillivirus","2/215","12/9561",0.166666666666667,7.41162790697674,3.37066254088914,0.02864002592391,0.302971956258716,0.278328304314228,"ASGR1/NCAM2",2
"Organismal Systems","Digestive system","hsa04973","Carbohydrate digestion and absorption","4/215","52/9561",0.0769230769230769,3.42075134168157,2.65472608459854,0.0290500920179581,0.302971956258716,0.278328304314228,"HK1/AMY2B/HKDC1/PLCB1",4
"Human Diseases","Drug resistance: antineoplastic","hsa01523","Antifolate resistance","3/215","30/9561",0.1,4.44697674418605,2.86790679986287,0.0291388672217054,0.302971956258716,0.278328304314228,"FOLR1/IL6/FOLR3",3
"Human Diseases","Infectious disease: bacterial","hsa05133","Pertussis","5/215","78/9561",0.0641025641025641,2.85062611806798,2.48902008383284,0.0308286469951281,0.302971956258716,0.278328304314228,"C3/C1S/IL6/C4B/CD14",5
"Environmental Information Processing","Signal transduction","hsa04064","NF-kappa B signaling pathway","6/215","105/9561",0.0571428571428571,2.54112956810631,2.4083264665139,0.0308480537281602,0.302971956258716,0.278328304314228,"TNFAIP3/BIRC3/VCAM1/IL1R1/CD14/TRAF1",6
"Organismal Systems","Digestive system","hsa04974","Protein digestion and absorption","6/215","105/9561",0.0571428571428571,2.54112956810631,2.4083264665139,0.0308480537281602,0.302971956258716,0.278328304314228,"COL17A1/COL4A3/COL6A1/SLC1A1/SLC7A8/COL14A1",6
"Human Diseases","Cancer: specific types","hsa05215","Prostate cancer","6/215","106/9561",0.0566037735849057,2.51715664765248,2.38225297597264,0.0321098023076933,0.30448950464192,0.279722415747601,"TGFA/FOLR1/EGF/CDKN1A/FOLR3/SPINT1",6
"Organismal Systems","Immune system","hsa04612","Antigen processing and presentation","5/215","82/9561",0.0609756097560976,2.7115711854793,2.36078218261198,0.037114933900843,0.332583228740102,0.305531004392821,"KLRC2/HLA-DMA/KLRC3/KLRC4/KLRC1",5
"Environmental Information Processing","Signal transduction","hsa04066","HIF-1 signaling pathway","6/215","110/9561",0.0545454545454545,2.42562367864693,2.28085485261325,0.0374912003307024,0.332583228740102,0.305531004392821,"HK1/IL6/EGF/CDKN1A/HKDC1/SERPINE1",6
"Environmental Information Processing","Signal transduction","hsa04012","ErbB signaling pathway","5/215","86/9561",0.0581395348837209,2.585451595457,2.23999934537803,0.0441351250143112,0.376835996676808,0.346184264889699,"TGFA/EGF/CDKN1A/NRG2/SHC3",5
"Organismal Systems","Nervous system","hsa04730","Long-term depression","4/215","60/9561",0.0666666666666667,2.9646511627907,2.31532362649155,0.0456247571831553,0.376835996676808,0.346184264889699,"GNAO1/GNAZ/PLCB1/PLA2G4C",4
"Organismal Systems","Nervous system","hsa04724","Glutamatergic synapse","6/215","116/9561",0.0517241379310345,2.30016038492382,2.13678206827212,0.0465906323164053,0.376835996676808,0.346184264889699,"GNAO1/SLC1A1/TRPC1/GNG7/PLCB1/PLA2G4C",6
"Human Diseases","Infectious disease: parasitic","hsa05143","African trypanosomiasis","3/215","37/9561",0.0810810810810811,3.60565681961031,2.40848348342353,0.0497835981192912,0.391156842365859,0.359340257101651,"IL6/VCAM1/PLCB1",3
"Environmental Information Processing","Signal transduction","hsa04668","TNF signaling pathway","6/215","119/9561",0.0504201680672269,2.2421731483291,2.068039870391,0.05161274809501,0.394264047947993,0.362194723473754,"TNFAIP3/BIRC3/CCL5/IL6/VCAM1/TRAF1",6
NA,NA,"hsa03273","Virion - Lassa virus and SFTS virus","2/215","17/9561",0.117647058823529,5.23173734610123,2.6485808664215,0.0548519852895345,0.407683674449243,0.374522801407917,"PCDH9/PCDH1",2
NA,NA,"hsa04081","Hormone signaling","9/215","219/9561",0.0410958904109589,1.82752468939153,1.87896362920468,0.0589221806830821,0.426410518101252,0.391726408973399,"MC1R/GNAO1/SLC16A2/HEPHL1/AVPR2/ADRA2B/GNG7/PLCB1/ESR1",9
"Cellular Processes","Transport and catabolism","hsa04148","Efferocytosis","7/215","157/9561",0.0445859872611465,1.98272848466894,1.88305215176417,0.063855476050149,0.440285504589264,0.404472808043725,"CD24/SIRPA/MFGE8/RAB7B/PECAM1/ARG2/GAS6",7
"Organismal Systems","Immune system","hsa04611","Platelet activation","6/215","126/9561",0.0476190476190476,2.11760797342193,1.915310103338,0.0645753635932259,0.440285504589264,0.404472808043725,"MYLK/GP6/PTGS1/PLCB1/PLA2G4C/RASGRP2",6
"Human Diseases","Cardiovascular disease","hsa05410","Hypertrophic cardiomyopathy","5/215","99/9561",0.0505050505050505,2.24594785059901,1.88999771195626,0.0721098722642803,0.440285504589264,0.404472808043725,"ITGA1/IL6/ITGB4/LAMA2/CACNG6",5
"Human Diseases","Infectious disease: viral","hsa05165","Human papillomavirus infection","12/215","333/9561",0.036036036036036,1.60251414204903,1.69734785774917,0.0726450251047515,0.440285504589264,0.404472808043725,"VTN/ITGA1/COL4A3/COL6A1/EGF/ITGB4/CDKN1A/LAMA2/FN1/WNT10A/PARD6G/TNXB",12
"Human Diseases","Endocrine and metabolic disease","hsa04940","Type I diabetes mellitus","3/215","44/9561",0.0681818181818182,3.03202959830867,2.04899840757827,0.0758288432679964,0.440285504589264,0.404472808043725,"HLA-DMA/CPE/ICA1",3
"Environmental Information Processing","Signal transduction","hsa04010","MAPK signaling pathway","11/215","300/9561",0.0366666666666667,1.63055813953488,1.68303097582314,0.0758895722526761,0.440285504589264,0.404472808043725,"CACNA1H/TGFA/EGF/IL1R1/NRTN/CD14/PLA2G4C/MAPT/RASGRP2/CACNG6/FGF22",11
"Cellular Processes","Cell motility","hsa04810","Regulation of actin cytoskeleton","9/215","232/9561",0.0387931034482759,1.72512028869286,1.69578890860516,0.0783370481372105,0.440285504589264,0.404472808043725,"GSN/ITGA1/BDKRB2/MYLK/EGF/ITGB4/FN1/BDKRB1/FGF22",9
"Metabolism","Glycan biosynthesis and metabolism","hsa00532","Glycosaminoglycan biosynthesis - chondroitin sulfate / dermatan sulfate","2/215","21/9561",0.0952380952380952,4.23521594684385,2.25099236725921,0.0799235186883333,0.440285504589264,0.404472808043725,"CHST11/CHST13",2
"Environmental Information Processing","Membrane transport","hsa02010","ABC transporters","3/215","45/9561",0.0666666666666667,2.9646511627907,2.00354812024103,0.0799567206964441,0.440285504589264,0.404472808043725,"ABCB1/ABCC6/ABCA4",3
"Human Diseases","Immune disease","hsa05332","Graft-versus-host disease","3/215","45/9561",0.0666666666666667,2.9646511627907,2.00354812024103,0.0799567206964441,0.440285504589264,0.404472808043725,"IL6/HLA-DMA/KLRC1",3
"Cellular Processes","Cell motility","hsa04820","Cytoskeleton in muscle cells","9/215","233/9561",0.0386266094420601,1.71771633895598,1.6821774726514,0.0799752442669333,0.440285504589264,0.404472808043725,"ITGA1/COL4A3/COL6A1/ITGB4/LAMA2/FN1/BGN/SPTBN5/AMPD3",9
NA,NA,"hsa04082","Neuroactive ligand signaling","8/215","199/9561",0.0402010050251256,1.7877293443964,1.70315640304786,0.0800519099253206,0.440285504589264,0.404472808043725,"GNAO1/SLC1A1/HTR1D/HRH1/ADRA2B/TAC3/GNG7/PLCB1",8
"Metabolism","Amino acid metabolism","hsa00340","Histidine metabolism","2/215","22/9561",0.0909090909090909,4.04270613107822,2.16698154840531,0.0866560691033578,0.457670695651093,0.420443892655549,"AOC1/HDC",2
"Environmental Information Processing","Signal transduction","hsa04014","Ras signaling pathway","9/215","238/9561",0.0378151260504202,1.68162986124682,1.61508183340803,0.0884779891184975,0.457670695651093,0.420443892655549,"TGFA/EGF/AFDN/GNG7/PLA2G4C/RASGRP2/SHC3/RGL1/FGF22",9
"Organismal Systems","Digestive system","hsa04972","Pancreatic secretion","5/215","106/9561",0.0471698113207547,2.0976305397104,1.72350931842769,0.0904129376605698,0.457670695651093,0.420443892655549,"RAB27B/AMY2B/CLCA2/TRPC1/PLCB1",5
"Organismal Systems","Endocrine system","hsa04910","Insulin signaling pathway","6/215","138/9561",0.0434782608695652,1.93346814964611,1.67525043588599,0.0908592334570402,0.457670695651093,0.420443892655549,"HK1/PPP1R3B/SORBS1/HKDC1/SHC3/PYGM",6
"Human Diseases","Cancer: specific types","hsa05214","Glioma","4/215","76/9561",0.0526315789473684,2.34051407588739,1.77948689858821,0.0915341391302185,0.457670695651093,0.420443892655549,"TGFA/EGF/CDKN1A/SHC3",4
"Environmental Information Processing","Signal transduction","hsa04350","TGF-beta signaling pathway","5/215","110/9561",0.0454545454545455,2.02135306553911,1.63406243222426,0.101853841780532,0.475371028233947,0.436704485267549,"FMOD/LTBP1/INHBB/CHRD/BMP5",5
"Metabolism","Amino acid metabolism","hsa00330","Arginine and proline metabolism","3/215","50/9561",0.06,2.66818604651163,1.79370774476316,0.101988693330192,0.475371028233947,0.436704485267549,"SAT1/AOC1/ARG2",3
"Organismal Systems","Immune system","hsa04672","Intestinal immune network for IgA production","3/215","50/9561",0.06,2.66818604651163,1.79370774476316,0.101988693330192,0.475371028233947,0.436704485267549,"IL6/HLA-DMA/CCL28",3
"Human Diseases","Infectious disease: parasitic","hsa05144","Malaria","3/215","50/9561",0.06,2.66818604651163,1.79370774476316,0.101988693330192,0.475371028233947,0.436704485267549,"IL6/VCAM1/PECAM1",3
"Human Diseases","Immune disease","hsa05322","Systemic lupus erythematosus","6/215","144/9561",0.0416666666666667,1.85290697674419,1.56409063439551,0.10588965708394,0.48532759496806,0.445851187721855,"C3/C1S/HLA-DMA/H4C14/H2AC19/C4B",6
"Human Diseases","Infectious disease: parasitic","hsa05145","Toxoplasmosis","5/215","112/9561",0.0446428571428571,1.98525747508306,1.59074700086197,0.107833410664919,0.486134228407423,0.446592209828829,"GNAO1/BIRC3/HLA-DMA/LAMA2/BIRC7",5
"Organismal Systems","Excretory system","hsa04961","Endocrine and other factor-regulated calcium reabsorption","3/215","53/9561",0.0566037735849057,2.51715664765248,1.67980573785373,0.116240842638033,0.487532454042314,0.447876704191982,"BDKRB2/PLCB1/ESR1",3
"Human Diseases","Cancer: specific types","hsa05224","Breast cancer","6/215","148/9561",0.0405405405405405,1.80282840980515,1.49287982388896,0.116584838097929,0.487532454042314,0.447876704191982,"EGF/CDKN1A/WNT10A/SHC3/ESR1/FGF22",6
"Environmental Information Processing","Signal transduction","hsa04072","Phospholipase D signaling pathway","6/215","149/9561",0.0402684563758389,1.79072889027626,1.4754179720447,0.119340872925373,0.487532454042314,0.447876704191982,"EGF/AVPR2/DGKG/PLCB1/PLA2G4C/SHC3",6
"Organismal Systems","Immune system","hsa04670","Leukocyte transendothelial migration","5/215","116/9561",0.0431034482758621,1.91680032076985,1.50673909797823,0.120294452280222,0.487532454042314,0.447876704191982,"VCAM1/CLDN1/PECAM1/CDH5/AFDN",5
"Organismal Systems","Development and regeneration","hsa04360","Axon guidance","7/215","184/9561",0.0380434782608696,1.69178463094034,1.43708729707301,0.121099188550475,0.487532454042314,0.447876704191982,"EPHB2/SEMA5A/RND1/TRPC1/EPHB3/ABLIM2/PARD6G",7
"Human Diseases","Cancer: specific types","hsa05226","Gastric cancer","6/215","150/9561",0.04,1.77879069767442,1.45808816865291,0.122129278749667,0.487532454042314,0.447876704191982,"ABCB1/EGF/CDKN1A/WNT10A/SHC3/FGF22",6
"Metabolism","Lipid metabolism","hsa01040","Biosynthesis of unsaturated fatty acids","2/215","27/9561",0.0740740740740741,3.29405684754522,1.81043847975327,0.122558063067513,0.487532454042314,0.447876704191982,"ELOVL3/ELOVL7",2
"Metabolism","Global and overview maps","hsa01232","Nucleotide metabolism","4/215","85/9561",0.0470588235294118,2.09269493844049,1.53472707892875,0.124251761264129,0.487532454042314,0.447876704191982,"NME1-NME2/NT5E/ENTPD2/AMPD3",4
"Organismal Systems","Sensory system","hsa04742","Taste transduction","4/215","86/9561",0.0465116279069767,2.0683612763656,1.50943022577512,0.128159889861681,0.487532454042314,0.447876704191982,"HTR1D/ENTPD2/HCN4/PLCB1",4
"Human Diseases","Cardiovascular disease","hsa05412","Arrhythmogenic right ventricular cardiomyopathy","4/215","86/9561",0.0465116279069767,2.0683612763656,1.50943022577512,0.128159889861681,0.487532454042314,0.447876704191982,"ITGA1/ITGB4/LAMA2/CACNG6",4
"Environmental Information Processing","Signaling molecules and interaction","hsa04080","Neuroactive ligand-receptor interaction","12/215","370/9561",0.0324324324324324,1.44226272784412,1.31593702707223,0.129634170185364,0.487532454042314,0.447876704191982,"MC1R/C3/BDKRB2/HTR1D/SPX/HRH1/AVPR2/ADRA2B/APELA/TAC3/GPR35/BDKRB1",12
"Metabolism","Lipid metabolism","hsa00062","Fatty acid elongation","2/215","28/9561",0.0714285714285714,3.17641196013289,1.7492045999289,0.130117054515212,0.487532454042314,0.447876704191982,"ELOVL3/ELOVL7",2
"Human Diseases","Infectious disease: bacterial","hsa05134","Legionellosis","3/215","56/9561",0.0535714285714286,2.38230897009967,1.57346963735132,0.131190551269568,0.487532454042314,0.447876704191982,"C3/IL6/CD14",3
"Metabolism","Global and overview maps","hsa01212","Fatty acid metabolism","3/215","57/9561",0.0526315789473684,2.34051407588739,1.53953965695966,0.136317640875553,0.491038346723153,0.451097428568639,"ACSL1/ELOVL3/ELOVL7",3
"Organismal Systems","Endocrine system","hsa04921","Oxytocin signaling pathway","6/215","155/9561",0.0387096774193548,1.72141035258815,1.37334933007501,0.136546765600121,0.491038346723153,0.451097428568639,"GNAO1/MYLK/CDKN1A/PLCB1/PLA2G4C/CACNG6",6
"Environmental Information Processing","Signal transduction","hsa04392","Hippo signaling pathway - multiple species","2/215","29/9561",0.0689655172413793,3.06688051323176,1.69066530576124,0.137780859419778,0.491038346723153,0.451097428568639,"DCHS1/FRMD6",2
"Human Diseases","Infectious disease: viral","hsa05163","Human cytomegalovirus infection","8/215","227/9561",0.0352422907488987,1.56721647372195,1.31178648960167,0.139650434905792,0.491038346723153,0.451097428568639,"GNAO1/CCL5/IL6/CDKN1A/IL1R1/GNG7/CCR3/PLCB1",8
"Environmental Information Processing","Signal transduction","hsa04390","Hippo signaling pathway","6/215","157/9561",0.0382165605095541,1.69948155828766,1.34030942829205,0.142529870794868,0.491038346723153,0.451097428568639,"BIRC3/SERPINE1/FRMD6/BMP5/WNT10A/PARD6G",6
NA,NA,"hsa04517","IgSF CAM signaling","10/215","302/9561",0.033112582781457,1.47250885569074,1.26551317126017,0.143145983898315,0.491038346723153,0.451097428568639,"SCN8A/MYLK/SORBS1/SLAMF7/PPFIA4/AFDN/CD244/PARD6G/NCAM2/SPTBN5",10
"Organismal Systems","Immune system","hsa04062","Chemokine signaling pathway","7/215","193/9561",0.0362694300518135,1.61289311965297,1.30459361066965,0.14463311303482,0.491038346723153,0.451097428568639,"CCL5/GNG7/CCR3/PLCB1/CCL28/RASGRP2/SHC3",7
NA,NA,"hsa04981","Folate transport and metabolism","2/215","31/9561",0.0645161290322581,2.86901725431358,1.58082208651749,0.153389330326125,0.51441543706932,0.472573033097174,"FOLR1/FOLR3",2
"Cellular Processes","Cellular community - eukaryotes","hsa04520","Adherens junction","4/215","93/9561",0.043010752688172,1.91267816954239,1.3414216151456,0.156889592945352,0.519814916385202,0.477533320315593,"SORBS1/PTPRB/CDH5/AFDN",4
"Metabolism","Carbohydrate metabolism","hsa00052","Galactose metabolism","2/215","32/9561",0.0625,2.77936046511628,1.52915162425657,0.161318008907534,0.52191120528908,0.479459097681834,"HK1/HKDC1",2
"Cellular Processes","Cell growth and death","hsa04215","Apoptosis - multiple species","2/215","32/9561",0.0625,2.77936046511628,1.52915162425657,0.161318008907534,0.52191120528908,0.479459097681834,"BIRC3/BIRC7",2
"Organismal Systems","Immune system","hsa04657","IL-17 signaling pathway","4/215","95/9561",0.0421052631578947,1.87241126070991,1.29608983028918,0.165507744183625,0.527383018694587,0.484485835355793,"TNFAIP3/IL6/MUC5B/S100A9",4
"Metabolism","Lipid metabolism","hsa00590","Arachidonic acid metabolism","3/215","63/9561",0.0476190476190476,2.11760797342193,1.34982967449183,0.16842209792302,0.527383018694587,0.484485835355793,"PTGS1/ALOX12B/PLA2G4C",3
"Organismal Systems","Endocrine system","hsa04926","Relaxin signaling pathway","5/215","130/9561",0.0384615384615385,1.71037567084079,1.23684754294092,0.168762565982268,0.527383018694587,0.484485835355793,"GNAO1/COL4A3/GNG7/PLCB1/SHC3",5
"Organismal Systems","Environmental adaptation","hsa04713","Circadian entrainment","4/215","97/9561",0.0412371134020619,1.83380484296332,1.25183820692296,0.174292028642199,0.536779891389144,0.493118369123041,"CACNA1H/GNAO1/GNG7/PLCB1",4
"Human Diseases","Cancer: overview","hsa05203","Viral carcinogenesis","7/215","205/9561",0.0341463414634146,1.51847986386841,1.13814869857238,0.179115293403335,0.536779891389144,0.493118369123041,"C3/GSN/CDKN1A/H4C14/CCR3/TRAF1/HPN",7
"Organismal Systems","Endocrine system","hsa04927","Cortisol synthesis and secretion","3/215","65/9561",0.0461538461538462,2.05245080500894,1.29128889975764,0.179577272755641,0.536779891389144,0.493118369123041,"CACNA1H/PLCB1/STAR",3
"Organismal Systems","Endocrine system","hsa04929","GnRH secretion","3/215","65/9561",0.0461538461538462,2.05245080500894,1.29128889975764,0.179577272755641,0.536779891389144,0.493118369123041,"CACNA1H/TRPC1/PLCB1",3
"Organismal Systems","Immune system","hsa04650","Natural killer cell mediated cytotoxicity","5/215","134/9561",0.0373134328358209,1.65931968066644,1.1657273153909,0.183848359895592,0.537009278212977,0.493329097688476,"KLRC2/KLRC3/KLRC1/CD244/SHC3",5
"Human Diseases","Immune disease","hsa05321","Inflammatory bowel disease","3/215","66/9561",0.0454545454545455,2.02135306553911,1.26280318252913,0.185229256812177,0.537009278212977,0.493329097688476,"IL6/HLA-DMA/RORC",3
"Metabolism","Carbohydrate metabolism","hsa00051","Fructose and mannose metabolism","2/215","35/9561",0.0571428571428571,2.54112956810631,1.38532979282958,0.185512296109937,0.537009278212977,0.493329097688476,"HK1/HKDC1",2
"Organismal Systems","Endocrine system","hsa04916","Melanogenesis","4/215","101/9561",0.0396039603960396,1.76117890858853,1.16637217997741,0.192323263039406,0.549121034719608,0.504455687397917,"MC1R/GNAO1/PLCB1/WNT10A",4
"Metabolism","Glycan biosynthesis and metabolism","hsa00512","Mucin type O-glycan biosynthesis","2/215","36/9561",0.0555555555555556,2.47054263565891,1.34070017649095,0.193689964973825,0.549121034719608,0.504455687397917,"GCNT3/GALNT12",2
"Environmental Information Processing","Signal transduction","hsa04015","Rap1 signaling pathway","7/215","212/9561",0.0330188679245283,1.46834137779728,1.04588315322828,0.200705717109325,0.556750992183428,0.511465026312048,"GNAO1/EGF/AFDN/PLCB1/PARD6G/RASGRP2/FGF22",7
"Metabolism","Global and overview maps","hsa01250","Biosynthesis of nucleotide sugars","2/215","37/9561",0.0540540540540541,2.40377121307354,1.29754607581004,0.201913185936942,0.556750992183428,0.511465026312048,"HK1/HKDC1",2
"Organismal Systems","Endocrine system","hsa04924","Renin secretion","3/215","69/9561",0.0434782608695652,1.93346814964611,1.18026756539494,0.202454906248519,0.556750992183428,0.511465026312048,"CLCA2/AQP1/PLCB1",3
"Environmental Information Processing","Signal transduction","hsa04371","Apelin signaling pathway","5/215","140/9561",0.0357142857142857,1.58820598006645,1.06335980313128,0.2073577481355,0.557697683183193,0.51233471373767,"MYLK/SERPINE1/APELA/GNG7/PLCB1",5
"Human Diseases","Infectious disease: bacterial","hsa05131","Shigellosis","8/215","253/9561",0.0316205533596838,1.40615865428808,0.993031608628318,0.210166528075288,0.557697683183193,0.51233471373767,"C3/HK1/CCL5/IL1R1/HKDC1/CD14/PLCB1/PLCD4",8
"Metabolism","Carbohydrate metabolism","hsa00520","Amino sugar and nucleotide sugar metabolism","2/215","38/9561",0.0526315789473684,2.34051407588739,1.25577424712,0.21017581247207,0.557697683183193,0.51233471373767,"HK1/HKDC1",2
"Human Diseases","Cardiovascular disease","hsa05414","Dilated cardiomyopathy","4/215","105/9561",0.0380952380952381,1.69408637873754,1.08465026598276,0.210911123822007,0.557697683183193,0.51233471373767,"ITGA1/ITGB4/LAMA2/CACNG6",4
"Human Diseases","Infectious disease: viral","hsa05168","Herpes simplex virus 1 infection","6/215","180/9561",0.0333333333333333,1.48232558139535,0.990802899395411,0.219153479714793,0.573973399253028,0.52728656773484,"C3/CFP/BIRC3/CCL5/IL6/HLA-DMA",6
"Human Diseases","Cancer: specific types","hsa05218","Melanoma","3/215","73/9561",0.0410958904109589,1.82752468939153,1.07644126941587,0.225966952191696,0.580756185539406,0.533517644131894,"EGF/CDKN1A/FGF22",3
"Human Diseases","Cancer: specific types","hsa05223","Non-small cell lung cancer","3/215","73/9561",0.0410958904109589,1.82752468939153,1.07644126941587,0.225966952191696,0.580756185539406,0.533517644131894,"TGFA/EGF/CDKN1A",3
"Organismal Systems","Immune system","hsa04659","Th17 cell differentiation","4/215","109/9561",0.036697247706422,1.63191807126093,1.00634630308282,0.229982917531906,0.58560465112291,0.53797173691674,"IL6/IL1R1/HLA-DMA/RORC",4
"Human Diseases","Cancer: specific types","hsa05219","Bladder cancer","2/215","41/9561",0.0487804878048781,2.16925694838344,1.13793826451059,0.235142376733655,0.593249115612433,0.544994402859269,"EGF/CDKN1A",2
"Metabolism","Amino acid metabolism","hsa00380","Tryptophan metabolism","2/215","42/9561",0.0476190476190476,2.11760797342193,1.10091492910679,0.243506060061195,0.603280779430888,0.554210094022634,"AOC1/INMT",2
"Cellular Processes","Cell growth and death","hsa04216","Ferroptosis","2/215","42/9561",0.0476190476190476,2.11760797342193,1.10091492910679,0.243506060061195,0.603280779430888,0.554210094022634,"ACSL1/SAT1",2
"Human Diseases","Cancer: specific types","hsa05212","Pancreatic cancer","3/215","77/9561",0.038961038961039,1.73258834189067,0.978914769173266,0.249972500612523,0.613771764896819,0.563847745742533,"TGFA/EGF/CDKN1A",3
"Organismal Systems","Immune system","hsa04621","NOD-like receptor signaling pathway","6/215","189/9561",0.0317460317460317,1.41173864894795,0.867104988997094,0.25235956150491,0.614149375343808,0.564194641464168,"TNFAIP3/BIRC3/CCL5/IL6/PLCB1/TRPV2",6
"Human Diseases","Endocrine and metabolic disease","hsa04934","Cushing syndrome","5/215","155/9561",0.032258064516129,1.43450862715679,0.827174339648355,0.269862949697424,0.650985185673611,0.598034237556619,"CACNA1H/CDKN1A/PLCB1/WNT10A/STAR",5
"Human Diseases","Endocrine and metabolic disease","hsa04930","Type II diabetes mellitus","2/215","47/9561",0.0425531914893617,1.89233052944087,0.930097324302573,0.285416566979446,0.675070408183061,0.620160374981568,"HK1/HKDC1",2
"Organismal Systems","Immune system","hsa04623","Cytosolic DNA-sensing pathway","3/215","83/9561",0.036144578313253,1.60734099187447,0.842846671632817,0.286616039706877,0.675070408183061,0.620160374981568,"CCL5/IL6/ZDHHC11",3
"Cellular Processes","Transport and catabolism","hsa04145","Phagosome","5/215","159/9561",0.0314465408805031,1.39842035980693,0.768360888065993,0.287211773663338,0.675070408183061,0.620160374981568,"C3/RAB7B/HLA-DMA/MARCO/CD14",5
"Organismal Systems","Endocrine system","hsa04919","Thyroid hormone signaling pathway","4/215","122/9561",0.0327868852459016,1.45802516202821,0.77222089204683,0.2944406230128,0.686196367190847,0.630381351677716,"SLC16A2/PLCB1/ESR1/PLCD4",4
"Human Diseases","Cancer: overview","hsa05202","Transcriptional misregulation in cancer","6/215","201/9561",0.0298507462686567,1.32745574453315,0.711619771159973,0.298594462698481,0.6900292205217,0.633902441818978,"BIRC3/IL6/CDKN1A/CD14/TRAF1/SPINT1",6
"Human Diseases","Cancer: overview","hsa05205","Proteoglycans in cancer","6/215","204/9561",0.0294117647058824,1.30793433652531,0.674279839503483,0.310416205692139,0.697302309378486,0.640583939716122,"VTN/CDKN1A/HSPB2/FN1/WNT10A/ESR1",6
"Human Diseases","Cancer: specific types","hsa05210","Colorectal cancer","3/215","87/9561",0.0344827586206897,1.53344025661588,0.758078205393476,0.311288690727608,0.697302309378486,0.640583939716122,"TGFA/EGF/CDKN1A",3
"Metabolism","Lipid metabolism","hsa00565","Ether lipid metabolism","2/215","51/9561",0.0392156862745098,1.74391244870041,0.807889462624075,0.318802454114648,0.697302309378486,0.640583939716122,"TMEM86A/PLA2G4C",2
"Metabolism","Lipid metabolism","hsa00120","Primary bile acid biosynthesis","1/215","17/9561",0.0588235294117647,2.61586867305062,1.0113479405887,0.320890952849546,0.697302309378486,0.640583939716122,"ACOX2",1
"Metabolism","Metabolism of other amino acids","hsa00450","Selenocompound metabolism","1/215","17/9561",0.0588235294117647,2.61586867305062,1.0113479405887,0.320890952849546,0.697302309378486,0.640583939716122,"INMT",1
"Metabolism","Nucleotide metabolism","hsa00230","Purine metabolism","4/215","128/9561",0.03125,1.38968023255814,0.673168415587308,0.324994003597026,0.697302309378486,0.640583939716122,"NME1-NME2/NT5E/ENTPD2/AMPD3",4
"Cellular Processes","Cell growth and death","hsa04217","Necroptosis","5/215","168/9561",0.0297619047619048,1.3235049833887,0.641606481496861,0.326918918016951,0.697302309378486,0.640583939716122,"TNFAIP3/BIRC3/H2AC19/PLA2G4C/PYGM",5
"Environmental Information Processing","Signal transduction","hsa04630","JAK-STAT signaling pathway","5/215","168/9561",0.0297619047619048,1.3235049833887,0.641606481496861,0.326918918016951,0.697302309378486,0.640583939716122,"IL20RB/IL11RA/IL6/EGF/CDKN1A",5
"Organismal Systems","Endocrine system","hsa04913","Ovarian steroidogenesis","2/215","52/9561",0.0384615384615385,1.71037567084079,0.779036157400297,0.327098174217545,0.697302309378486,0.640583939716122,"PLA2G4C/STAR",2
"Organismal Systems","Digestive system","hsa04979","Cholesterol metabolism","2/215","52/9561",0.0384615384615385,1.71037567084079,0.779036157400297,0.327098174217545,0.697302309378486,0.640583939716122,"STAR/APOE",2
"Human Diseases","Cancer: specific types","hsa05225","Hepatocellular carcinoma","5/215","170/9561",0.0294117647058824,1.30793433652531,0.614415193003938,0.335832394990892,0.700394597638441,0.643424702136749,"TGFA/CDKN1A/DPF3/WNT10A/SHC3",5
"Metabolism","Lipid metabolism","hsa00061","Fatty acid biosynthesis","1/215","18/9561",0.0555555555555556,2.47054263565891,0.947123688711763,0.336189406866451,0.700394597638441,0.643424702136749,"ACSL1",1
"Metabolism","Glycan biosynthesis and metabolism","hsa00511","Other glycan degradation","1/215","18/9561",0.0555555555555556,2.47054263565891,0.947123688711763,0.336189406866451,0.700394597638441,0.643424702136749,"NEU1",1
"Organismal Systems","Nervous system","hsa04728","Dopaminergic synapse","4/215","133/9561",0.0300751879699248,1.3374366147928,0.594351724072598,0.350618735006046,0.72496354982453,0.66599522280531,"GNAO1/GNG7/PLCB1/SCN1A",4
"Environmental Information Processing","Signal transduction","hsa04310","Wnt signaling pathway","5/215","174/9561",0.028735632183908,1.27786688051323,0.56102638742639,0.353718302090473,0.725914425931941,0.666868754923123,"RNF43/TLE1/DKK1/PLCB1/WNT10A",5
"Human Diseases","Immune disease","hsa05323","Rheumatoid arthritis","3/215","95/9561",0.0315789473684211,1.40430844553244,0.600657153517486,0.360718550448755,0.734797047210426,0.675028866336851,"CCL5/IL6/HLA-DMA",3
"Organismal Systems","Digestive system","hsa04970","Salivary secretion","3/215","97/9561",0.0309278350515464,1.37535363222249,0.563539564310365,0.373020896883161,0.746138022608006,0.685447370051374,"AMY2B/MUC5B/PLCB1",3
"Metabolism","Nucleotide metabolism","hsa00240","Pyrimidine metabolism","2/215","58/9561",0.0344827586206897,1.53344025661588,0.618023098359081,0.376210256278547,0.746138022608006,0.685447370051374,"NME1-NME2/NT5E",2
"Environmental Information Processing","Signal transduction","hsa04070","Phosphatidylinositol signaling system","3/215","98/9561",0.0306122448979592,1.36131941148552,0.545287070051849,0.379155966584296,0.746138022608006,0.685447370051374,"DGKG/PLCB1/PLCD4",3
"Organismal Systems","Endocrine system","hsa04925","Aldosterone synthesis and secretion","3/215","98/9561",0.0306122448979592,1.36131941148552,0.545287070051849,0.379155966584296,0.746138022608006,0.685447370051374,"CACNA1H/PLCB1/STAR",3
"Human Diseases","Cancer: specific types","hsa05213","Endometrial cancer","2/215","59/9561",0.0338983050847458,1.50744974379188,0.592989246955384,0.384260681035505,0.746138022608006,0.685447370051374,"EGF/CDKN1A",2
"Human Diseases","Drug resistance: antineoplastic","hsa01522","Endocrine resistance","3/215","99/9561",0.0303030303030303,1.34756871035941,0.527232393403182,0.385278542583043,0.746138022608006,0.685447370051374,"CDKN1A/SHC3/ESR1",3
"Human Diseases","Cancer: overview","hsa05231","Choline metabolism in cancer","3/215","99/9561",0.0303030303030303,1.34756871035941,0.527232393403182,0.385278542583043,0.746138022608006,0.685447370051374,"EGF/DGKG/PLA2G4C",3
"Human Diseases","Cardiovascular disease","hsa05418","Fluid shear stress and atherosclerosis","4/215","142/9561",0.028169014084507,1.25266950540452,0.460076331549022,0.3967298954202,0.762678513530808,0.700642462190982,"VCAM1/IL1R1/PECAM1/CDH5",4
"Human Diseases","Endocrine and metabolic disease","hsa04936","Alcoholic liver disease","4/215","144/9561",0.0277777777777778,1.23527131782946,0.431448768497193,0.406924506130132,0.762678513530808,0.700642462190982,"C3/IL6/C4B/CD14",4
"Metabolism","Amino acid metabolism","hsa00220","Arginine biosynthesis","1/215","23/9561",0.0434782608695652,1.93346814964611,0.679782610831752,0.407686332687377,0.762678513530808,0.700642462190982,"ARG2",1
"Metabolism","Glycan biosynthesis and metabolism","hsa00515","Mannose type O-glycan biosynthesis","1/215","23/9561",0.0434782608695652,1.93346814964611,0.679782610831752,0.407686332687377,0.762678513530808,0.700642462190982,"FUT4",1
"Organismal Systems","Excretory system","hsa04964","Proximal tubule bicarbonate reclamation","1/215","23/9561",0.0434782608695652,1.93346814964611,0.679782610831752,0.407686332687377,0.762678513530808,0.700642462190982,"AQP1",1
"Human Diseases","Cancer: specific types","hsa05217","Basal cell carcinoma","2/215","63/9561",0.0317460317460317,1.41173864894795,0.49729159034489,0.415994654986197,0.772963041359488,0.710090449478573,"CDKN1A/WNT10A",2
"Human Diseases","Substance dependence","hsa05034","Alcoholism","5/215","191/9561",0.0261780104712042,1.16413003774504,0.347512351611057,0.429784855132118,0.79322708161968,0.728706218521429,"GNAO1/H4C14/GNG7/H2AC19/SHC3",5
"Organismal Systems","Immune system","hsa04620","Toll-like receptor signaling pathway","3/215","109/9561",0.0275229357798165,1.2239385534457,0.356628090929748,0.44555358752158,0.796631988308209,0.731834171077398,"CCL5/IL6/CD14",3
"Human Diseases","Endocrine and metabolic disease","hsa04931","Insulin resistance","3/215","109/9561",0.0275229357798165,1.2239385534457,0.356628090929748,0.44555358752158,0.796631988308209,0.731834171077398,"PPP1R3B/IL6/PYGM",3
"Metabolism","Lipid metabolism","hsa00592","alpha-Linolenic acid metabolism","1/215","26/9561",0.0384615384615385,1.71037567084079,0.550110193190365,0.446849000419751,0.796631988308209,0.731834171077398,"PLA2G4C",1
"Human Diseases","Endocrine and metabolic disease","hsa04950","Maturity onset diabetes of the young","1/215","26/9561",0.0384615384615385,1.71037567084079,0.550110193190365,0.446849000419751,0.796631988308209,0.731834171077398,"HNF4A",1
"Metabolism","Carbohydrate metabolism","hsa00010","Glycolysis / Gluconeogenesis","2/215","67/9561",0.0298507462686567,1.32745574453315,0.407944130649025,0.446893370881048,0.796631988308209,0.731834171077398,"HK1/HKDC1",2
"Organismal Systems","Immune system","hsa04613","Neutrophil extracellular trap formation","5/215","196/9561",0.0255102040816327,1.1344328429046,0.288412989052064,0.451907600640293,0.796631988308209,0.731834171077398,"C3/H4C14/H2AC19/CLCN4/PLCB1",5
"Human Diseases","Infectious disease: viral","hsa05167","Kaposi sarcoma-associated herpesvirus infection","5/215","196/9561",0.0255102040816327,1.1344328429046,0.288412989052064,0.451907600640293,0.796631988308209,0.731834171077398,"C3/IL6/CDKN1A/GNG7/CCR3",5
"Human Diseases","Cancer: specific types","hsa05211","Renal cell carcinoma","2/215","70/9561",0.0285714285714286,1.27056478405316,0.344587556497249,0.469461248522295,0.814515577573612,0.748263114325998,"TGFA/CDKN1A",2
"Human Diseases","Cardiovascular disease","hsa05416","Viral myocarditis","2/215","70/9561",0.0285714285714286,1.27056478405316,0.344587556497249,0.469461248522295,0.814515577573612,0.748263114325998,"HLA-DMA/LAMA2",2
"Metabolism","Glycan biosynthesis and metabolism","hsa00601","Glycosphingolipid biosynthesis - lacto and neolacto series","1/215","28/9561",0.0357142857142857,1.58820598006645,0.472747175114353,0.471514494492943,0.814515577573612,0.748263114325998,"FUT4",1
"Organismal Systems","Endocrine system","hsa04917","Prolactin signaling pathway","2/215","71/9561",0.028169014084507,1.25266950540452,0.324103847105689,0.476861847234006,0.814515577573612,0.748263114325998,"SHC3/ESR1",2
"Human Diseases","Cancer: overview","hsa05230","Central carbon metabolism in cancer","2/215","71/9561",0.028169014084507,1.25266950540452,0.324103847105689,0.476861847234006,0.814515577573612,0.748263114325998,"HK1/HKDC1",2
"Organismal Systems","Endocrine system","hsa04928","Parathyroid hormone synthesis, secretion and action","3/215","115/9561",0.0260869565217391,1.16008088978766,0.261938735661221,0.480603669092694,0.815839561731425,0.749479405992505,"CDKN1A/MAFB/PLCB1",3
"Organismal Systems","Nervous system","hsa04725","Cholinergic synapse","3/215","116/9561",0.0258620689655172,1.15008019246191,0.246653157390445,0.486346092960229,0.82052254947278,0.753781480855377,"GNAO1/GNG7/PLCB1",3
"Metabolism","Lipid metabolism","hsa00591","Linoleic acid metabolism","1/215","30/9561",0.0333333333333333,1.48232558139535,0.401297982925083,0.495085020170095,0.829051137125075,0.761616355636432,"PLA2G4C",1
"Human Diseases","Drug resistance: antineoplastic","hsa01524","Platinum drug resistance","2/215","75/9561",0.0266666666666667,1.18586046511628,0.245081979220922,0.505827775229049,0.829051137125075,0.761616355636432,"BIRC3/CDKN1A",2
"Cellular Processes","Cell growth and death","hsa04115","p53 signaling pathway","2/215","75/9561",0.0266666666666667,1.18586046511628,0.245081979220922,0.505827775229049,0.829051137125075,0.761616355636432,"CDKN1A/SERPINE1",2
"Organismal Systems","Endocrine system","hsa04918","Thyroid hormone synthesis","2/215","75/9561",0.0266666666666667,1.18586046511628,0.245081979220922,0.505827775229049,0.829051137125075,0.761616355636432,"PLCB1/ASGR1",2
"Metabolism","Carbohydrate metabolism","hsa00030","Pentose phosphate pathway","1/215","31/9561",0.032258064516129,1.43450862715679,0.367509092281821,0.506474876498228,0.829051137125075,0.761616355636432,"RBKS",1
"Organismal Systems","Digestive system","hsa04971","Gastric acid secretion","2/215","76/9561",0.0263157894736842,1.1702570379437,0.226010434252758,0.512906031613711,0.831263592564608,0.763648850585669,"MYLK/PLCB1",2
"Environmental Information Processing","Signal transduction","hsa04022","cGMP-PKG signaling pathway","4/215","166/9561",0.0240963855421687,1.07156066124965,0.141063704428297,0.515721829930775,0.831263592564608,0.763648850585669,"BDKRB2/MYLK/ADRA2B/PLCB1",4
"Human Diseases","Immune disease","hsa05310","Asthma","1/215","32/9561",0.03125,1.38968023255814,0.334884455532744,0.517608969001153,0.831263592564608,0.763648850585669,"HLA-DMA",1
"Human Diseases","Cancer: specific types","hsa05220","Chronic myeloid leukemia","2/215","77/9561",0.025974025974026,1.15505889459378,0.20719609271667,0.519917592440409,0.831263592564608,0.763648850585669,"CDKN1A/SHC3",2
"Metabolism","Carbohydrate metabolism","hsa00562","Inositol phosphate metabolism","2/215","78/9561",0.0256410256410256,1.14025044722719,0.188631391563552,0.526861866859199,0.832683984978619,0.764953708688492,"PLCB1/PLCD4",2
"Human Diseases","Infectious disease: bacterial","hsa05100","Bacterial invasion of epithelial cells","2/215","78/9561",0.0256410256410256,1.14025044722719,0.188631391563552,0.526861866859199,0.832683984978619,0.764953708688492,"FN1/SHC3",2
"Human Diseases","Infectious disease: parasitic","hsa05140","Leishmaniasis","2/215","79/9561",0.0253164556962025,1.12581689726229,0.170309090174852,0.533738323924884,0.837635400909762,0.769502377869255,"C3/HLA-DMA",2
"Human Diseases","Cardiovascular disease","hsa05417","Lipid and atherosclerosis","5/215","216/9561",0.0231481481481481,1.02939276485788,0.0662693866105588,0.537608266352388,0.837635400909762,0.769502377869255,"CCL5/IL6/VCAM1/CD14/PLCB1",5
"Organismal Systems","Environmental adaptation","hsa04710","Circadian rhythm","1/215","34/9561",0.0294117647058824,1.30793433652531,0.272806542664535,0.539132603494647,0.837635400909762,0.769502377869255,"RORC",1
"Cellular Processes","Transport and catabolism","hsa04146","Peroxisome","2/215","83/9561",0.0240963855421687,1.07156066124965,0.0993093928469374,0.56055732567686,0.86602957618616,0.795586979080109,"ACSL1/ACOX2",2
"Human Diseases","Cancer: specific types","hsa05216","Thyroid cancer","1/215","37/9561",0.027027027027027,1.20188560653677,0.186608668196555,0.569638677154528,0.875143219092152,0.803959320888484,"CDKN1A",1
"Environmental Information Processing","Signal transduction","hsa04068","FoxO signaling pathway","3/215","133/9561",0.0225563909774436,1.0030774610946,0.0054205567124456,0.578820635810307,0.87531873132171,0.804120557003676,"IL6/EGF/CDKN1A",3
"Metabolism","Metabolism of cofactors and vitamins","hsa00760","Nicotinate and nicotinamide metabolism","1/215","38/9561",0.0263157894736842,1.1702570379437,0.15949433690138,0.579353889713513,0.87531873132171,0.804120557003676,"NT5E",1
"Organismal Systems","Circulatory system","hsa04270","Vascular smooth muscle contraction","3/215","134/9561",0.0223880597014925,0.995591808399861,-0.00779401784967868,0.583929120649551,0.87531873132171,0.804120557003676,"MYLK/PLCB1/PLA2G4C",3
"Human Diseases","Infectious disease: bacterial","hsa05152","Tuberculosis","4/215","182/9561",0.021978021978022,0.977357526194736,-0.0467753006689311,0.588778974303978,0.87531873132171,0.804120557003676,"C3/IL6/HLA-DMA/CD14",4
"Metabolism","Metabolism of cofactors and vitamins","hsa00670","One carbon pool by folate","1/215","39/9561",0.0256410256410256,1.14025044722719,0.133109103210127,0.58885078288915,0.87531873132171,0.804120557003676,"GNMT",1
"Human Diseases","Immune disease","hsa05330","Allograft rejection","1/215","39/9561",0.0256410256410256,1.14025044722719,0.133109103210127,0.58885078288915,0.87531873132171,0.804120557003676,"HLA-DMA",1
"Organismal Systems","Nervous system","hsa04727","GABAergic synapse","2/215","89/9561",0.0224719101123595,0.999320616671022,-0.000976617117700831,0.598694434686532,0.885166502896754,0.813167313665917,"GNAO1/GNG7",2
"Organismal Systems","Digestive system","hsa04976","Bile secretion","2/215","90/9561",0.0222222222222222,0.988217054263566,-0.0170338375776361,0.604804761660125,0.885600953145011,0.813566425855703,"ABCB1/AQP1",2
"Metabolism","Amino acid metabolism","hsa00260","Glycine, serine and threonine metabolism","1/215","41/9561",0.024390243902439,1.08462847419172,0.0823616906301443,0.607209036912058,0.885600953145011,0.813566425855703,"GNMT",1
"Human Diseases","Substance dependence","hsa05032","Morphine addiction","2/215","91/9561",0.021978021978022,0.977357526194736,-0.0329158343757953,0.610844780500533,0.885600953145011,0.813566425855703,"GNAO1/GNG7",2
"Cellular Processes","Cellular community - eukaryotes","hsa04540","Gap junction","2/215","92/9561",0.0217391304347826,0.966734074823054,-0.0486269185460378,0.616814548599694,0.885600953145011,0.813566425855703,"EGF/PLCB1",2
"Organismal Systems","Endocrine system","hsa04912","GnRH signaling pathway","2/215","93/9561",0.021505376344086,0.956339084771193,-0.0641712460968879,0.622714156184857,0.885600953145011,0.813566425855703,"PLCB1/PLA2G4C",2
"Human Diseases","Infectious disease: viral","hsa05171","Coronavirus disease - COVID-19","5/215","238/9561",0.0210084033613445,0.934238811803791,-0.155817264526449,0.624192771123181,0.885600953145011,0.813566425855703,"C3/C1S/IL6/CFB/C4B",5
"Metabolism","Lipid metabolism","hsa00071","Fatty acid degradation","1/215","43/9561",0.0232558139534884,1.0341806381828,0.0340703686236392,0.624751217855026,0.885600953145011,0.813566425855703,"ACSL1",1
"Organismal Systems","Digestive system","hsa04975","Fat digestion and absorption","1/215","43/9561",0.0232558139534884,1.0341806381828,0.0340703686236392,0.624751217855026,0.885600953145011,0.813566425855703,"NPC1L1",1
"Organismal Systems","Excretory system","hsa04962","Vasopressin-regulated water reabsorption","1/215","44/9561",0.0227272727272727,1.01067653276956,0.010765688974947,0.633227629723188,0.893013323968599,0.820375876564454,"AVPR2",1
"Metabolism","Metabolism of cofactors and vitamins","hsa00860","Porphyrin metabolism","1/215","46/9561",0.0217391304347826,0.966734074823054,-0.0343012078887241,0.64961291599121,0.900694985277894,0.827432713748113,"HEPHL1",1
"Cellular Processes","Cell motility","hsa04814","Motor proteins","4/215","197/9561",0.0203045685279188,0.902939440443867,-0.208775959844232,0.65111740165399,0.900694985277894,0.827432713748113,"BICDL1/KIF3C/MYO7B/DNAI4",4
"Organismal Systems","Nervous system","hsa04723","Retrograde endocannabinoid signaling","3/215","149/9561",0.0201342281879195,0.89536444513813,-0.19523907632126,0.655728904657317,0.900694985277894,0.827432713748113,"GNAO1/GNG7/PLCB1",3
"Organismal Systems","Immune system","hsa04666","Fc gamma R-mediated phagocytosis","2/215","99/9561",0.0202020202020202,0.898379140239605,-0.154150265873355,0.656647255174501,0.900694985277894,0.827432713748113,"GSN/PLA2G4C",2
"Metabolism","Glycan biosynthesis and metabolism","hsa00514","Other types of O-glycan biosynthesis","1/215","47/9561",0.0212765957446809,0.946165264720435,-0.0561132244006432,0.657530227926248,0.900694985277894,0.827432713748113,"GALNT12",1
"Human Diseases","Neurodegenerative disease","hsa05010","Alzheimer disease","8/215","391/9561",0.020460358056266,0.909867364539345,-0.276007617679491,0.658326152875842,0.900694985277894,0.827432713748113,"BACE1/IL6/DKK1/APBB1/PLCB1/MAPT/WNT10A/APOE",8
NA,NA,"hsa03272","Virion - Hepatitis viruses","1/215","48/9561",0.0208333333333333,0.926453488372093,-0.0774745810919084,0.665269454434116,0.904952764229722,0.831344166182328,"CLDN1",1
"Human Diseases","Infectious disease: bacterial","hsa05132","Salmonella infection","5/215","251/9561",0.0199203187250996,0.885851941072918,-0.277949462650203,0.670577551635543,0.904952764229722,0.831344166182328,"BIRC3/IL6/RAB7B/AHNAK2/CD14",5
"Human Diseases","Infectious disease: bacterial","hsa05130","Pathogenic Escherichia coli infection","4/215","203/9561",0.0197044334975369,0.876251575209073,-0.270290925745423,0.67423143816921,0.904952764229722,0.831344166182328,"SEC24D/IL6/IL1R1/CLDN1",4
"Organismal Systems","Circulatory system","hsa04261","Adrenergic signaling in cardiomyocytes","3/215","154/9561",0.0194805194805195,0.866294170945334,-0.253699970886648,0.677603253400855,0.904952764229722,0.831344166182328,"PLCB1/SCN4B/CACNG6",3
"Metabolism","Lipid metabolism","hsa00564","Glycerophospholipid metabolism","2/215","103/9561",0.0194174757281553,0.863490629939038,-0.21125972387883,0.677891888841173,0.904952764229722,0.831344166182328,"DGKG/PLA2G4C",2
"Human Diseases","Infectious disease: viral","hsa05169","Epstein-Barr virus infection","4/215","205/9561",0.0195121951219512,0.867702779353375,-0.290414189627847,0.681698454676518,0.905638043652379,0.831973705173477,"TNFAIP3/IL6/CDKN1A/HLA-DMA",4
"Human Diseases","Infectious disease: viral","hsa05160","Hepatitis C","3/215","156/9561",0.0192307692307692,0.855187835420394,-0.276581566588888,0.686062260451093,0.907053469346397,0.833274000547887,"EGF/CDKN1A/CLDN1",3
"Cellular Processes","Cell growth and death","hsa04218","Cellular senescence","3/215","157/9561",0.0191082802547771,0.849740779143831,-0.287918742124318,0.690229576143407,0.908196810715009,0.834324342857807,"IL6/CDKN1A/SERPINE1",3
"Metabolism","Amino acid metabolism","hsa00270","Cysteine and methionine metabolism","1/215","52/9561",0.0192307692307692,0.855187835420394,-0.158808806198826,0.694523933057488,0.909495626622902,0.835517513452618,"GNMT",1
"Organismal Systems","Endocrine system","hsa04922","Glucagon signaling pathway","2/215","107/9561",0.0186915887850467,0.831210606389915,-0.266295931050992,0.698058581359035,0.909791989922913,0.835789770646887,"PLCB1/PYGM",2
"Human Diseases","Immune disease","hsa05320","Autoimmune thyroid disease","1/215","54/9561",0.0185185185185185,0.823514211886305,-0.197251429547356,0.708182202568502,0.918527805003148,0.843815017036385,"HLA-DMA",1
"Metabolism","Lipid metabolism","hsa00600","Sphingolipid metabolism","1/215","55/9561",0.0181818181818182,0.808541226215645,-0.215969787330425,0.714781637347904,0.918527805003148,0.843815017036385,"NEU1",1
"Genetic Information Processing","Replication and repair","hsa03460","Fanconi anemia pathway","1/215","55/9561",0.0181818181818182,0.808541226215645,-0.215969787330425,0.714781637347904,0.918527805003148,0.843815017036385,"POLN",1
"Metabolism","Glycan biosynthesis and metabolism","hsa00510","N-Glycan biosynthesis","1/215","56/9561",0.0178571428571429,0.794102990033223,-0.234370680225556,0.721232505007298,0.921127264696572,0.846203037424602,"MGAT3",1
"Organismal Systems","Endocrine system","hsa04923","Regulation of lipolysis in adipocytes","1/215","59/9561",0.0169491525423729,0.75372487189594,-0.287789095461957,0.739726628382914,0.921127264696572,0.846203037424602,"PTGS1",1
"Cellular Processes","Cellular community - eukaryotes","hsa04530","Tight junction","3/215","170/9561",0.0176470588235294,0.784760601915185,-0.429462845256506,0.740672822032269,0.921127264696572,0.846203037424602,"CLDN1/AFDN/PARD6G",3
"Metabolism","Global and overview maps","hsa01200","Carbon metabolism","2/215","117/9561",0.0170940170940171,0.760166964818128,-0.395876054371404,0.743937983000729,0.921127264696572,0.846203037424602,"HK1/HKDC1",2
"Genetic Information Processing","Chromosome","hsa03082","ATP-dependent chromatin remodeling","2/215","117/9561",0.0170940170940171,0.760166964818128,-0.395876054371404,0.743937983000729,0.921127264696572,0.846203037424602,"H2AC19/DPF3",2
"Environmental Information Processing","Signal transduction","hsa04370","VEGF signaling pathway","1/215","60/9561",0.0166666666666667,0.741162790697674,-0.305037310166322,0.745615785917925,0.921127264696572,0.846203037424602,"PLA2G4C",1
"Human Diseases","Infectious disease: viral","hsa05166","Human T-cell leukemia virus 1 infection","4/215","224/9561",0.0178571428571429,0.794102990033223,-0.472939575652377,0.746669605774534,0.921127264696572,0.846203037424602,"IL6/CDKN1A/IL1R1/HLA-DMA",4
"Human Diseases","Infectious disease: viral","hsa05164","Influenza A","3/215","173/9561",0.0173410404624277,0.771152036564054,-0.460700677329033,0.751346716574543,0.921127264696572,0.846203037424602,"CCL5/IL6/HLA-DMA",3
"Organismal Systems","Digestive system","hsa04978","Mineral absorption","1/215","61/9561",0.0163934426229508,0.729012581014106,-0.322023474204827,0.751372296393417,0.921127264696572,0.846203037424602,"HEPHL1",1
"Environmental Information Processing","Signal transduction","hsa04024","cAMP signaling pathway","4/215","226/9561",0.0176991150442478,0.787075529944433,-0.491312621696291,0.752884847726718,0.921127264696572,0.846203037424602,"HTR1D/HCN4/AFDN/FXYD1",4
"Organismal Systems","Aging","hsa04213","Longevity regulating pathway - multiple species","1/215","62/9561",0.0161290322580645,0.717254313578395,-0.338756920874264,0.756999133896092,0.921127264696572,0.846203037424602,"CRYAB",1
"Environmental Information Processing","Signal transduction","hsa04330","Notch signaling pathway","1/215","62/9561",0.0161290322580645,0.717254313578395,-0.338756920874264,0.756999133896092,0.921127264696572,0.846203037424602,"TLE1",1
"Organismal Systems","Endocrine system","hsa04935","Growth hormone synthesis, secretion and action","2/215","122/9561",0.0163934426229508,0.729012581014106,-0.45687914938146,0.764564704654256,0.926234774360883,0.850895103719088,"PLCB1/SHC3",2
"Metabolism","Lipid metabolism","hsa00561","Glycerolipid metabolism","1/215","65/9561",0.0153846153846154,0.684150268336315,-0.387527141931618,0.773130362607796,0.932165505294724,0.856343430701374,"DGKG",1
"Environmental Information Processing","Signal transduction","hsa04071","Sphingolipid signaling pathway","2/215","125/9561",0.016,0.711516279069767,-0.492399540740985,0.776239638954516,0.932165505294724,0.856343430701374,"BDKRB2/PLCB1",2
"Organismal Systems","Nervous system","hsa04720","Long-term potentiation","1/215","67/9561",0.0149253731343284,0.663727872266574,-0.418927574488844,0.783287755194263,0.936539707297489,0.860361836368985,"PLCB1",1
"Human Diseases","Cancer: specific types","hsa05221","Acute myeloid leukemia","1/215","68/9561",0.0147058823529412,0.653967168262654,-0.434315481565234,0.788195395033449,0.937974469971098,0.861679895858617,"CD14",1
"Organismal Systems","Immune system","hsa04664","Fc epsilon RI signaling pathway","1/215","69/9561",0.0144927536231884,0.644489383215369,-0.449503981794693,0.792992402309106,0.937974469971098,0.861679895858617,"PLA2G4C",1
"Organismal Systems","Endocrine system","hsa04920","Adipocytokine signaling pathway","1/215","70/9561",0.0142857142857143,0.635282392026578,-0.464499287233153,0.797681259610364,0.937974469971098,0.861679895858617,"ACSL1",1
"Human Diseases","Infectious disease: bacterial","hsa05120","Epithelial cell signaling in Helicobacter pylori infection","1/215","71/9561",0.0140845070422535,0.62633475270226,-0.479307322761434,0.802264394072884,0.937974469971098,0.861679895858617,"CCL5",1
"Organismal Systems","Immune system","hsa04622","RIG-I-like receptor signaling pathway","1/215","72/9561",0.0138888888888889,0.617635658914729,-0.493933743393111,0.806744178611801,0.937974469971098,0.861679895858617,"TBKBP1",1
"Genetic Information Processing","Information processing in viruses","hsa03250","Viral life cycle - HIV-1","1/215","73/9561",0.0136986301369863,0.609174896463842,-0.508383950307743,0.811122933127395,0.937974469971098,0.861679895858617,"MAP1A",1
"Human Diseases","Infectious disease: viral","hsa05162","Measles","2/215","136/9561",0.0147058823529412,0.653967168262654,-0.616426597426724,0.814830292697132,0.937974469971098,0.861679895858617,"TNFAIP3/IL6",2
"Cellular Processes","Cell growth and death","hsa04210","Apoptosis","2/215","137/9561",0.0145985401459854,0.649193685282635,-0.627256737591203,0.818027509478499,0.937974469971098,0.861679895858617,"BIRC3/TRAF1",2
"Metabolism","Global and overview maps","hsa01230","Biosynthesis of amino acids","1/215","75/9561",0.0133333333333333,0.59293023255814,-0.53677614668206,0.819586373663178,0.937974469971098,0.861679895858617,"ARG2",1
"Human Diseases","Infectious disease: bacterial","hsa05135","Yersinia infection","2/215","138/9561",0.0144927536231884,0.644489383215369,-0.638017821986042,0.821175440790391,0.937974469971098,0.861679895858617,"IL6/FN1",2
"Cellular Processes","Transport and catabolism","hsa04144","Endocytosis","4/215","252/9561",0.0158730158730159,0.705869324473976,-0.717669291268184,0.823364578668869,0.937974469971098,0.861679895858617,"FOLR1/PSD2/FOLR3/PARD6G",4
"Genetic Information Processing","Folding, sorting and degradation","hsa04120","Ubiquitin mediated proteolysis","2/215","142/9561",0.0140845070422535,0.62633475270226,-0.680392894777191,0.833286029736893,0.937974469971098,0.861679895858617,"BIRC3/BIRC7",2
"Organismal Systems","Nervous system","hsa04721","Synaptic vesicle cycle","1/215","79/9561",0.0126582278481013,0.562908448631145,-0.591658720382829,0.835397355964493,0.937974469971098,0.861679895858617,"SLC1A1",1
"Organismal Systems","Development and regeneration","hsa04380","Osteoclast differentiation","2/215","143/9561",0.013986013986014,0.62195478939665,-0.690824456238343,0.836196308282135,0.937974469971098,0.861679895858617,"SIRPA/IL1R1",2
"Cellular Processes","Cellular community - eukaryotes","hsa04550","Signaling pathways regulating pluripotency of stem cells","2/215","144/9561",0.0138888888888889,0.617635658914729,-0.701193097401122,0.839060798592328,0.937974469971098,0.861679895858617,"INHBB/WNT10A",2
"Human Diseases","Neurodegenerative disease","hsa05017","Spinocerebellar ataxia","2/215","144/9561",0.0138888888888889,0.617635658914729,-0.701193097401122,0.839060798592328,0.937974469971098,0.861679895858617,"BEAN1/PLCB1",2
"Metabolism","Xenobiotics biodegradation and metabolism","hsa00983","Drug metabolism - other enzymes","1/215","81/9561",0.0123456790123457,0.54900947459087,-0.618217147121398,0.842777691627005,0.938315243714277,0.861992951163355,"NME1-NME2",1
"Organismal Systems","Endocrine system","hsa04911","Insulin secretion","1/215","86/9561",0.0116279069767442,0.517090319091401,-0.682277133033615,0.859819060700724,0.953112391762043,0.875586503436901,"PLCB1",1
"Organismal Systems","Circulatory system","hsa04260","Cardiac muscle contraction","1/215","87/9561",0.0114942528735632,0.511146752205293,-0.694715084197028,0.862999947449996,0.953112391762043,0.875586503436901,"CACNG6",1
"Human Diseases","Cancer: overview","hsa05207","Chemical carcinogenesis - receptor activation","3/215","217/9561",0.0138248847926267,0.614789411638624,-0.870556486826555,0.870737391180607,0.954504056109225,0.876864970205604,"EGF/ESR1/FGF22",3
"Human Diseases","Cancer: overview","hsa05235","PD-L1 expression and PD-1 checkpoint pathway in cancer","1/215","90/9561",0.0111111111111111,0.494108527131783,-0.731334368629297,0.872117931928821,0.954504056109225,0.876864970205604,"EGF",1
"Cellular Processes","Cell growth and death","hsa04110","Cell cycle","2/215","158/9561",0.0126582278481013,0.562908448631145,-0.840239366770406,0.87467280778009,0.954504056109225,0.876864970205604,"CDKN1C/CDKN1A",2
"Organismal Systems","Immune system","hsa04658","Th1 and Th2 cell differentiation","1/215","93/9561",0.010752688172043,0.478169542385596,-0.766967676718131,0.88063170711254,0.957208377296239,0.879349322683626,"HLA-DMA",1
"Human Diseases","Infectious disease: viral","hsa05161","Hepatitis B","2/215","163/9561",0.0122699386503067,0.545641318305036,-0.887381152700633,0.885533244244506,0.958746622705666,0.880762447653052,"IL6/CDKN1A",2
"Genetic Information Processing","Folding, sorting and degradation","hsa04141","Protein processing in endoplasmic reticulum","2/215","174/9561",0.0114942528735632,0.511146752205293,-0.987017852164869,0.906437629196154,0.973097372219787,0.893945911321527,"CRYAB/SEC24D",2
"Cellular Processes","Transport and catabolism","hsa04137","Mitophagy - animal","1/215","105/9561",0.00952380952380952,0.423521594684385,-0.900864034813945,0.909403726038128,0.973097372219787,0.893945911321527,"RAB7B",1
"Organismal Systems","Immune system","hsa04625","C-type lectin receptor signaling pathway","1/215","105/9561",0.00952380952380952,0.423521594684385,-0.900864034813945,0.909403726038128,0.973097372219787,0.893945911321527,"IL6",1
"Cellular Processes","Transport and catabolism","hsa04142","Lysosome","3/215","249/9561",0.0120481927710843,0.535780330624825,-1.12573719477328,0.922611812665307,0.98340406388744,0.903414259647792,"CLN8/CTSE/NEU1",3
"Organismal Systems","Nervous system","hsa04722","Neurotrophin signaling pathway","1/215","120/9561",0.00833333333333333,0.370581395348837,-1.05234099185254,0.935853845979442,0.992900544039548,0.91213829883059,"SHC3",1
"Environmental Information Processing","Signal transduction","hsa04152","AMPK signaling pathway","1/215","122/9561",0.00819672131147541,0.364506290507053,-1.07142917009561,0.938742332546482,0.992900544039548,0.91213829883059,"HNF4A",1
"Human Diseases","Neurodegenerative disease","hsa05020","Prion disease","3/215","278/9561",0.0107913669064748,0.479889576710724,-1.33477808574818,0.952433039602012,0.999974614961185,0.918636966854294,"CCL5/IL6/NCAM2",3
"Human Diseases","Infectious disease: viral","hsa05170","Human immunodeficiency virus 1 infection","2/215","214/9561",0.00934579439252336,0.415605303194958,-1.3113309733717,0.956055665280612,0.999974614961185,0.918636966854294,"GNAO1/GNG7",2
"Human Diseases","Neurodegenerative disease","hsa05022","Pathways of neurodegeneration - multiple diseases","6/215","483/9561",0.0124223602484472,0.552419471327459,-1.53103440039955,0.964317093030709,0.999974614961185,0.918636966854294,"IL6/DKK1/PLCB1/MAPT/WNT10A/PRPH",6
"Metabolism","Global and overview maps","hsa01240","Biosynthesis of cofactors","1/215","154/9561",0.00649350649350649,0.288764723648445,-1.34953255351472,0.970730642975646,0.999974614961185,0.918636966854294,"NME1-NME2",1
"Organismal Systems","Environmental adaptation","hsa04714","Thermogenesis","2/215","235/9561",0.00851063829787234,0.378466105888174,-1.46314150566956,0.970794487018628,0.999974614961185,0.918636966854294,"ACSL1/DPF3",2
"Human Diseases","Endocrine and metabolic disease","hsa04932","Non-alcoholic fatty liver disease","1/215","157/9561",0.00636942675159236,0.283246926381277,-1.37340418906856,0.972692209837206,0.999974614961185,0.918636966854294,"IL6",1
"Environmental Information Processing","Signal transduction","hsa04150","mTOR signaling pathway","1/215","158/9561",0.00632911392405063,0.281454224315573,-1.38129059156107,0.973316537238843,0.999974614961185,0.918636966854294,"WNT10A",1
"Human Diseases","Cancer: overview","hsa05206","MicroRNAs in cancer","3/215","320/9561",0.009375,0.416904069767442,-1.60912877838633,0.977200630111078,0.999974614961185,0.918636966854294,"ABCB1/CDKN1A/TNXB",3
"Cellular Processes","Transport and catabolism","hsa04140","Autophagy - animal","1/215","169/9561",0.00591715976331361,0.26313471859089,-1.4658437938763,0.979313703023925,0.999974614961185,0.918636966854294,"RAB7B",1
"Human Diseases","Cardiovascular disease","hsa05415","Diabetic cardiomyopathy","1/215","205/9561",0.0048780487804878,0.216925694838344,-1.71897707782808,0.991027079330027,0.999974614961185,0.918636966854294,"PLCB1",1
"Human Diseases","Neurodegenerative disease","hsa05014","Amyotrophic lateral sclerosis","3/215","371/9561",0.00808625336927224,0.359593806807497,-1.9081829458484,0.991032705612558,0.999974614961185,0.918636966854294,"NRG2/ANG/PRPH",3
"Human Diseases","Cancer: overview","hsa05208","Chemical carcinogenesis - reactive oxygen species","1/215","227/9561",0.00440528634361234,0.195902059215244,-1.85961597362742,0.994622775844138,0.999974614961185,0.918636966854294,"EGF",1
"Human Diseases","Neurodegenerative disease","hsa05012","Parkinson disease","1/215","271/9561",0.003690036900369,0.164095082811293,-2.11723447084694,0.998075971302488,0.999974614961185,0.918636966854294,"MAPT",1
"Human Diseases","Neurodegenerative disease","hsa05016","Huntington disease","1/215","311/9561",0.00321543408360129,0.142989605922381,-2.33040125286312,0.999247369238191,0.999974614961185,0.918636966854294,"PLCB1",1
"Organismal Systems","Sensory system","hsa04740","Olfactory transduction","1/215","454/9561",0.00220264317180617,0.0979510296076222,-2.98679668770382,0.999974614961185,0.999974614961185,0.918636966854294,"GNG7",1
